{
    "parent": "item/generated",
    "textures": {
        "layer0": "minecraft:item/void_sword"
    },
    "display": {
        "firstperson_righthand": {
            "scale": [2.0, 2.0, 2.0],
            "translation": [0, 7, 3],
            "rotation": [0, 90, 45]
        },
        "firstperson_lefthand": {
            "scale": [2.0, 2.0, 2.0],
            "translation": [0, 7, 3],
            "rotation": [0, 90, 45]

        },
        "thirdperson_righthand": {
            "scale": [2.0, 2.0, 2.0],
            "translation": [0, 7, 3],
            "rotation": [0, 90, 45]

        },
        "thirdperson_lefthand": {
            "scale": [2.0, 2.0, 2.0],
            "translation": [0, 7, 3],
            "rotation": [0, 90, 45]
        }
    }
}
